data name,extension,fall
fall-22-cam1-rgb-001,.png,
fall-22-cam1-rgb-002,.png,
fall-22-cam1-rgb-003,.png,
fall-22-cam1-rgb-004,.png,
fall-22-cam1-rgb-005,.png,
fall-22-cam1-rgb-006,.png,
fall-22-cam1-rgb-007,.png,
fall-22-cam1-rgb-008,.png,
fall-22-cam1-rgb-009,.png,
fall-22-cam1-rgb-010,.png,
fall-22-cam1-rgb-011,.png,
fall-22-cam1-rgb-012,.png,
fall-22-cam1-rgb-013,.png,
fall-22-cam1-rgb-014,.png,
fall-22-cam1-rgb-015,.png,
fall-22-cam1-rgb-016,.png,
fall-22-cam1-rgb-017,.png,
fall-22-cam1-rgb-018,.png,
fall-22-cam1-rgb-019,.png,
fall-22-cam1-rgb-020,.png,
fall-22-cam1-rgb-021,.png,
fall-22-cam1-rgb-022,.png,
fall-22-cam1-rgb-023,.png,
fall-22-cam1-rgb-024,.png,
fall-22-cam1-rgb-025,.png,
fall-22-cam1-rgb-026,.png,
fall-22-cam1-rgb-027,.png,
fall-22-cam1-rgb-028,.png,
fall-22-cam1-rgb-029,.png,
fall-22-cam1-rgb-030,.png,
fall-22-cam1-rgb-031,.png,
fall-22-cam1-rgb-032,.png,
fall-22-cam1-rgb-033,.png,
fall-22-cam1-rgb-034,.png,
fall-22-cam1-rgb-035,.png,
fall-22-cam1-rgb-036,.png,
fall-22-cam1-rgb-037,.png,
fall-22-cam1-rgb-038,.png,
fall-22-cam1-rgb-039,.png,
fall-22-cam1-rgb-040,.png,
fall-22-cam1-rgb-041,.png,
fall-22-cam1-rgb-042,.png,
fall-22-cam1-rgb-043,.png,
fall-22-cam1-rgb-044,.png,
fall-22-cam1-rgb-045,.png,
fall-22-cam1-rgb-046,.png,
fall-22-cam1-rgb-047,.png,
fall-22-cam1-rgb-048,.png,
fall-22-cam1-rgb-049,.png,
fall-22-cam1-rgb-050,.png,
fall-22-cam1-rgb-051,.png,
fall-22-cam1-rgb-052,.png,
fall-22-cam1-rgb-053,.png,
fall-22-cam1-rgb-054,.png,
fall-22-cam1-rgb-055,.png,
fall-22-cam1-rgb-056,.png,
